Child,Parent
Ancol,Dunia Fantasi
Ancol,Jakarta International Expo
Ancol,Mall Mangga Dua
Bellagio Boutique Mall,KidZania Jakarta
Bellagio Boutique Mall,Kota Kasablanka
Bellagio Boutique Mall,Plaza Semanggi
Cawang Uki,Halim Perdana Kusuma
Cawang Uki,Politeknik Statistika STIS
Cawang Uki,RSIA SamMarie Basra
Cawang Uki,Stasiun Cawang
Cawang Uki,Taman Honda
Cilandak Town Square,Jakarta Kidney Center
Cilandak Town Square,Museum Layang-layang Indonesia
Cilandak Town Square,One Belpark
Cilandak Town Square,Pejaten Village
Cilandak Town Square,Ragunan Zoo
Dunia Fantasi,Ancol
Dunia Fantasi,Mall Mangga Dua
Dunia Fantasi,Plaza Orion
Dunia Fantasi,Taman Fatahillah
Galeri Nasional,Monas
Galeri Nasional,RSPAD Gatot Subroto
Galeri Nasional,Stasiun Gambir
Galeri Nasional,Stasiun Pasar Senen
Gandaria City,Kampung Main Cipulir
Gandaria City,Pasaraya Blok M
Gandaria City,Pondok Indah Mall 1
Gandaria City,Pondok Indah Waterpark
Gandaria City,Rumah Sakit Gandaria
Gandaria City,Taman Ayodya
Gelanggang Olahraga Bung Karno,KidZania Jakarta
Gelanggang Olahraga Bung Karno,Plaza Semanggi
Gelanggang Olahraga Bung Karno,Plaza Senayan
Gelanggang Olahraga Bung Karno,Senayan City
Halim Perdana Kusuma,Cawang Uki
Halim Perdana Kusuma,Monumen Pancasila Sakti
Halim Perdana Kusuma,RSIA SamMarie Basra
Istana Negara,Masjid Istiqlal
Istana Negara,Monas
Istana Negara,Museum Nasional
Istana Negara,Museum Taman Prasasti
Istana Negara,Universitas Trisakti
Jakarta International Expo,Ancol
Jakarta International Expo,Katedral Jakarta
Jakarta International Expo,Mall Mangga Dua
Jakarta Kidney Center,Cilandak Town Square
Jakarta Kidney Center,Lippo Mall Kemang
Jakarta Kidney Center,Pejaten Village
Jakarta Kidney Center,Ragunan Zoo
Kampung Main Cipulir,Gandaria City
Kampung Main Cipulir,Rumah Sakit Gandaria
Kampung Main Cipulir,Taman Ayodya
Katedral Jakarta,Jakarta International Expo
Katedral Jakarta,Masjid Istiqlal
Katedral Jakarta,Monas
Katedral Jakarta,Stasiun Gambir
KidZania Jakarta,Bellagio Boutique Mall
KidZania Jakarta,Gelanggang Olahraga Bung Karno
KidZania Jakarta,Plaza Semanggi
KidZania Jakarta,Plaza Senayan
KidZania Jakarta,Senayan City
Kota Kasablanka,Bellagio Boutique Mall
Kota Kasablanka,Stasiun Tebet
Kota Kasablanka,Taman Honda
Lippo Mall Kemang,Jakarta Kidney Center
Lippo Mall Kemang,Pasaraya Blok M
Lippo Mall Kemang,Pejaten Village
Lippo Mall Kemang,The Dharmawangsa Square
Mall Mangga Dua,Ancol
Mall Mangga Dua,Dunia Fantasi
Mall Mangga Dua,Jakarta International Expo
Mall Mangga Dua,Plaza Orion
Mall Mangga Dua,Taman Fatahillah
Masjid Istiqlal,Istana Negara
Masjid Istiqlal,Katedral Jakarta
Masjid Istiqlal,Monas
Masjid Istiqlal,Stasiun Gambir
Monas,Galeri Nasional
Monas,Istana Negara
Monas,Katedral Jakarta
Monas,Masjid Istiqlal
Monas,Museum Nasional
Monas,Museum Taman Prasasti
Monas,Stasiun Gambir
Monumen Pancasila Sakti,Halim Perdana Kusuma
Monumen Pancasila Sakti,Taman Mini Indonesia Indah
Monumen Selamat Datang,Planetarium Jakarta
Monumen Selamat Datang,Plaza Semanggi
Monumen Selamat Datang,Taman Ismail Marzuki
Monumen Selamat Datang,Taman Menteng
Museum Layang-layang Indonesia,Cilandak Town Square
Museum Layang-layang Indonesia,One Belpark
Museum Layang-layang Indonesia,Ragunan Zoo
Museum Nasional,Istana Negara
Museum Nasional,Monas
Museum Nasional,Museum Taman Prasasti
Museum Nasional,Universitas Trisakti
Museum Sumpah Pemuda,Planetarium Jakarta
Museum Sumpah Pemuda,RSPAD Gatot Subroto
Museum Sumpah Pemuda,Stasiun Pasar Senen
Museum Sumpah Pemuda,Taman Ismail Marzuki
Museum Taman Prasasti,Istana Negara
Museum Taman Prasasti,Monas
Museum Taman Prasasti,Museum Nasional
Museum Taman Prasasti,Universitas Trisakti
One Belpark,Cilandak Town Square
One Belpark,Museum Layang-layang Indonesia
One Belpark,Ragunan Zoo
Pasaraya Blok M,Gandaria City
Pasaraya Blok M,Lippo Mall Kemang
Pasaraya Blok M,Rumah Sakit Gandaria
Pasaraya Blok M,Senayan City
Pasaraya Blok M,Taman Ayodya
Pasaraya Blok M,The Dharmawangsa Square
Pejaten Village,Cilandak Town Square
Pejaten Village,Jakarta Kidney Center
Pejaten Village,Lippo Mall Kemang
Planetarium Jakarta,Monumen Selamat Datang
Planetarium Jakarta,Museum Sumpah Pemuda
Planetarium Jakarta,Taman Ismail Marzuki
Planetarium Jakarta,Taman Menteng
Plaza Orion,Dunia Fantasi
Plaza Orion,Mall Mangga Dua
Plaza Orion,Taman Fatahillah
Plaza Semanggi,Bellagio Boutique Mall
Plaza Semanggi,Gelanggang Olahraga Bung Karno
Plaza Semanggi,KidZania Jakarta
Plaza Semanggi,Monumen Selamat Datang
Plaza Semanggi,Taman Menteng
Plaza Senayan,Gelanggang Olahraga Bung Karno
Plaza Senayan,KidZania Jakarta
Plaza Senayan,Senayan City
Politeknik Statistika STIS,Cawang Uki
Politeknik Statistika STIS,RSIA SamMarie Basra
Politeknik Statistika STIS,Stasiun Cawang
Politeknik Statistika STIS,Stasiun Tebet
Politeknik Statistika STIS,Taman Honda
Pondok Indah Mall 1,Gandaria City
Pondok Indah Mall 1,Pondok Indah Waterpark
Pondok Indah Mall 1,The Dharmawangsa Square
Pondok Indah Waterpark,Gandaria City
Pondok Indah Waterpark,Pondok Indah Mall 1
Pondok Indah Waterpark,The Dharmawangsa Square
RSIA SamMarie Basra,Cawang Uki
RSIA SamMarie Basra,Halim Perdana Kusuma
RSIA SamMarie Basra,Politeknik Statistika STIS
RSPAD Gatot Subroto,Galeri Nasional
RSPAD Gatot Subroto,Museum Sumpah Pemuda
RSPAD Gatot Subroto,Stasiun Gambir
RSPAD Gatot Subroto,Stasiun Pasar Senen
Ragunan Zoo,Cilandak Town Square
Ragunan Zoo,Jakarta Kidney Center
Ragunan Zoo,Museum Layang-layang Indonesia
Ragunan Zoo,One Belpark
Ragunan Zoo,Taman Mini Indonesia Indah
Ragunan Zoo,Universitas Indonesia
Rumah Sakit Gandaria,Gandaria City
Rumah Sakit Gandaria,Kampung Main Cipulir
Rumah Sakit Gandaria,Pasaraya Blok M
Rumah Sakit Gandaria,Taman Ayodya
Senayan City,Gelanggang Olahraga Bung Karno
Senayan City,KidZania Jakarta
Senayan City,Pasaraya Blok M
Senayan City,Plaza Senayan
Stasiun Cawang,Cawang Uki
Stasiun Cawang,Politeknik Statistika STIS
Stasiun Cawang,Stasiun Tebet
Stasiun Cawang,Taman Honda
Stasiun Gambir,Galeri Nasional
Stasiun Gambir,Katedral Jakarta
Stasiun Gambir,Masjid Istiqlal
Stasiun Gambir,Monas
Stasiun Gambir,RSPAD Gatot Subroto
Stasiun Pasar Senen,Galeri Nasional
Stasiun Pasar Senen,Museum Sumpah Pemuda
Stasiun Pasar Senen,RSPAD Gatot Subroto
Stasiun Tebet,Kota Kasablanka
Stasiun Tebet,Politeknik Statistika STIS
Stasiun Tebet,Stasiun Cawang
Stasiun Tebet,Taman Honda
Taman Ayodya,Gandaria City
Taman Ayodya,Kampung Main Cipulir
Taman Ayodya,Pasaraya Blok M
Taman Ayodya,Rumah Sakit Gandaria
Taman Ayodya,The Dharmawangsa Square
Taman Fatahillah,Dunia Fantasi
Taman Fatahillah,Mall Mangga Dua
Taman Fatahillah,Plaza Orion
Taman Honda,Cawang Uki
Taman Honda,Kota Kasablanka
Taman Honda,Politeknik Statistika STIS
Taman Honda,Stasiun Cawang
Taman Honda,Stasiun Tebet
Taman Ismail Marzuki,Monumen Selamat Datang
Taman Ismail Marzuki,Museum Sumpah Pemuda
Taman Ismail Marzuki,Planetarium Jakarta
Taman Ismail Marzuki,Taman Menteng
Taman Menteng,Monumen Selamat Datang
Taman Menteng,Planetarium Jakarta
Taman Menteng,Plaza Semanggi
Taman Menteng,Taman Ismail Marzuki
Taman Mini Indonesia Indah,Monumen Pancasila Sakti
Taman Mini Indonesia Indah,Ragunan Zoo
Taman Mini Indonesia Indah,Universitas Indonesia
The Dharmawangsa Square,Lippo Mall Kemang
The Dharmawangsa Square,Pasaraya Blok M
The Dharmawangsa Square,Pondok Indah Mall 1
The Dharmawangsa Square,Pondok Indah Waterpark
The Dharmawangsa Square,Taman Ayodya
Universitas Indonesia,Ragunan Zoo
Universitas Indonesia,Taman Mini Indonesia Indah
Universitas Trisakti,Istana Negara
Universitas Trisakti,Museum Nasional
Universitas Trisakti,Museum Taman Prasasti
